Papel,Segmento,Cotação,FFO Yield,Dividend Yield,P/VP,Valor de Mercado,Liquidez,Qtd de imóveis,Preço do m2,Aluguel por m2,Cap Rate,Vacância Média,ultimoDividendo
ABCP11,Shoppings,76.0,0.0892999999999999,0.0861,0.83,927491000,109864,1.0,13006.3,13.2865,0.1022,0.1442999999999999,0.55
AFHI11,Títulos e Val. Mob.,98.41,0.0785,0.1485,1.04,243726000,676546,0.0,0.0,0.0,0.0,0.0,1.3
AFOF11,Títulos e Val. Mob.,91.60000000000001,0.1025,0.122,0.93,63313200,132323,0.0,0.0,0.0,0.0,0.0,1.06
AGRX11,Híbrido,10.32,0.0233999999999999,0.0124,0.71,34703300,29341,0.0,0.0,0.0,0.0,0.0,0.13
AIEC11,Lajes Corporativas,79.4,0.105,0.1088,0.78,383104000,527663,2.0,16492.7,19.9031,0.1207,0.0,0.73
ALMI11,Lajes Corporativas,900.0,0.0064,0.0,0.4,100059000,41832,1.0,2227.01,1.4568,0.0654,0.5892000000000001,0.37
ALZR11,Híbrido,119.12,0.066,0.0665,1.13,751743000,1588180,13.0,5727.59,4.1331,0.0722,0.0,0.78
APTO11,Híbrido,9.029999999999989,0.0693,0.1054,0.9,36236100,108182,5.0,13493.5,4.424,0.0327999999999999,0.0,0.11
ARCT11,Híbrido,100.81,0.1064,0.1707,1.01,373820000,1508940,9.0,383.7,0.2181,0.0567999999999999,0.0,1.02
ARRI11,Títulos e Val. Mob.,8.929999999999989,1.4705,0.1755,0.1,10521900,323919,0.0,0.0,0.0,0.0,0.0,0.11
ATSA11,Shoppings,84.98,0.0049,0.0006,0.94,148812000,895,1.0,4398.31,0.4643,0.0106,0.2157,0.05
BARI11,Títulos e Val. Mob.,97.2,0.1454,0.1508,0.95,450443000,1047560,1.0,0.0,0.0,0.0,0.0,1.05
BBFI11B,Lajes Corporativas,1960.0000000000002,0.1754,0.1643,0.68,254800000,323762,3.0,2807.88,5.5013,0.1959,0.0,26.31
BBFO11,Títulos e Val. Mob.,78.2,0.139,0.1134999999999999,0.94,313105000,203072,0.0,0.0,0.0,0.0,0.0,0.76
BBGO11,Títulos e Val. Mob.,89.35,0.0533,0.0392,0.91,357861000,275335,0.0,0.0,0.0,0.0,0.0,0.75
BBPO11,Lajes Corporativas,90.97,0.1166,0.1157,0.91,1448210000,1425940,63.0,3703.6,4.9426,0.1335,0.0,0.92
BBRC11,Outros,103.4,0.108,0.1079,0.97,164406000,91005,20.0,10219.3,14.4403,0.1413,0.0,0.99
BCFF11,Títulos e Val. Mob.,71.69,0.0936999999999999,0.0894,0.93,1805610000,2785900,0.0,0.0,0.0,0.0,0.0,0.56
BCIA11,Títulos e Val. Mob.,90.2,0.1066,0.0905,0.88,335457000,338185,0.0,0.0,0.0,0.0,0.0,0.74
BCRI11,Títulos e Val. Mob.,104.29000000000002,0.1211,0.1458,0.98,652634000,975530,0.0,0.0,0.0,0.0,0.0,1.29
BICR11,Títulos e Val. Mob.,102.88999999999999,0.0864,0.078,1.02,51445000,1403,0.0,0.0,0.0,0.0,0.0,0.82
BIME11,Híbrido,9.28,0.0759,0.0908,1.01,54247200,164156,2.0,1504.17,0.0,0.0,0.0,0.13
BLCA11,Lajes Corporativas,90.0,0.0336,0.0341,1.02,144000000,1173,1.0,45433.3,14.4626,0.0318,0.0,0.56
BLCP11,Logística,88.97,0.0553,0.0616,0.8,204300000,200164,2.0,2944.21,1.9989,0.0679,0.0,0.52
BLMC11,Títulos e Val. Mob.,85.99,0.1236999999999999,0.1516,0.88,34353000,30093,0.0,0.0,0.0,0.0,0.0,1.17
BLMG11,Outros,83.78,0.0933,0.1182,0.92,319251000,479042,2.0,788.58,0.5965,0.0756,0.0,0.8
BLMO11,Lajes Corporativas,23998.0,-0.0007,0.0065,0.82,91120400,24090,1.0,14150.8,3.0646,0.0217,0.0,37.45
BLMR11,Títulos e Val. Mob.,7.919999999999989,0.1267,0.1097,1.0,202290000,506822,0.0,0.0,0.0,0.0,0.0,0.08
BLUR11,Títulos e Val. Mob.,102.49999999999999,0.0219,0.0596999999999999,0.99,9225000,17336,0.0,0.0,0.0,0.0,0.0,1.03
BMLC11,Híbrido,100.0,0.0815,0.0827,0.92,99840500,93614,2.0,14086200.0,12709.9057,0.0902,0.0,0.72
BNFS11,Outros,123.97,0.1211,0.1268,1.25,86779000,111102,18.0,8004.33,11.8491,0.148,0.0,1.48
BPFF11,Outros,69.5,0.1229,0.1106,0.92,312217000,534787,0.0,0.0,0.0,0.0,0.0,0.7
BPML11,Shoppings,62.67,0.0475,0.0435,0.5,269799000,67466,4.0,3400800.0,5950.8246,0.175,0.0594,0.15
BPRP11,Outros,99.00999999999999,0.1013,0.1027999999999999,0.91,133647000,304,1.0,5790.28,6.104299999999999,0.1054,0.0,0.86
BRCO11,Logística,110.4,0.0693,0.0689,0.93,1631580000,3259040,11.0,3633.53,2.9705,0.0818,0.0,0.7
BRCR11,Híbrido,67.06,0.0878999999999999,0.0858,0.66,1786360000,2466910,9.0,11706.7,11.5078,0.0983,0.1272,0.47
BREV11,Híbrido,106.15,0.0591,0.0626999999999999,0.97,102668000,128718,14.0,17415.0,12.5724,0.0722,0.0,0.61
BRIM11,Residencial,1030.2199999999998,0.0684999999999999,0.1722,1.04,127888000,93,4.0,9071.0,0.0,0.0,0.0,27.0
BRLA11,Outros,145.87,0.0548,0.0843,0.92,333254000,40709,6.0,1093.95,0.6031,0.0550999999999999,0.0,1.09
BTAL11,Outros,101.47,0.0733999999999999,0.0953999999999999,0.95,607068000,1010440,9.0,1667.26,1.4925,0.0895,0.0,0.83
BTCR11,Títulos e Val. Mob.,96.09,0.1045,0.1295,1.01,462202000,919888,0.0,0.0,0.0,0.0,0.0,0.95
BTLG11,Híbrido,103.91,0.0379,0.083,1.06,1738310000,4744600,9.0,4646.23,2.1479,0.0462,0.0625,0.74
BTRA11,Outros,88.0,0.1081,0.1143,0.85,296081000,600761,6.0,4.36,0.0043,0.0998,0.0,0.7
BTWR11,Lajes Corporativas,105.49,0.0418,0.0408,0.95,85369900,3057,1.0,4200.49,1.8719,0.0446,0.0,0.38
CACR11,Híbrido,99.72999999999999,0.1181,0.1621,0.97,180255000,307575,0.0,0.0,0.0,0.0,0.0,1.54
CARE11,Híbrido,3.91,-0.0212,0.0021,0.48,139860000,55349,2.0,5463.02,0.1016,0.0019,0.9999,0.0
CBOP11,Lajes Corporativas,60.49,0.1473,0.1382,0.79,85593400,53121,1.0,4979.89,4.1092,0.0825,0.4732,0.49
CCRF11,Títulos e Val. Mob.,97.69,0.0683,0.1329,1.0,153559000,10955,0.0,0.0,0.0,0.0,0.0,1.1
CEOC11,Lajes Corporativas,60.23,0.0947,0.0946,0.67,109359000,61194,1.0,8232.25,9.3,0.113,0.0,0.5
CNES11,Lajes Corporativas,33.489999999999995,0.0397,0.038,0.38,98770300,12465,1.0,1411.77,1.7176,0.1217,0.546,0.1
CORM11,Híbrido,81.0,0.1359,0.1338,0.91,82402600,1950,3.0,7566.86,7.0647,0.0934,0.0,0.77
CPFF11,Títulos e Val. Mob.,73.6,0.0472,0.0982,0.96,401104000,772759,0.0,0.0,0.0,0.0,0.0,0.62
CPTR11,Títulos e Val. Mob.,106.25,0.027,0.0481,1.06,110104000,136405,0.0,0.0,0.0,0.0,0.0,1.75
CPTS11,Títulos e Val. Mob.,90.48,0.0087,0.1407,1.01,2875710000,7097650,0.0,0.0,0.0,0.0,0.0,1.1
CRFF11,Títulos e Val. Mob.,73.88,0.0851,0.0838,0.87,50980200,87621,0.0,0.0,0.0,0.0,0.0,0.61
CTXT11,Lajes Corporativas,12.78999999999999,-0.0722,0.0,0.32,37126500,2895,1.0,795.35,0.2293,0.0288,0.9778,0.01
CVBI11,Títulos e Val. Mob.,90.4,0.1475,0.1528,0.91,995325000,3077550,0.0,0.0,0.0,0.0,0.0,0.74
CXAG11,Outros,81.31,0.0429,0.0469,0.71,169988000,139915,32.0,2945.97,1.482,0.0503,0.0,0.75
CXCE11B,Lajes Corporativas,39.78,0.1525999999999999,0.1172,0.61,68141200,28161,1.0,3207.72,5.6986,0.1777,0.0,0.36
CXCI11,Títulos e Val. Mob.,83.55,0.0153,0.0463,0.87,171923000,108067,0.0,0.0,0.0,0.0,0.0,0.83
CXCO11,Lajes Corporativas,78.99,0.1067,0.103,0.82,309996000,202753,10.0,3332.58,3.7586,0.1128,0.0,0.72
CXRI11,Títulos e Val. Mob.,70.0,0.0928,0.0885,0.85,110303000,18555,0.0,0.0,0.0,0.0,0.0,0.55
CXTL11,Logística,385.0,-0.0064,0.0481,0.55,20634800,12466,3.0,830.92,0.7881,0.0948,0.6515000000000001,14.53
DCRA11,Títulos e Val. Mob.,9.73,0.054,0.0821,1.01,65569500,279029,0.0,0.0,0.0,0.0,0.0,0.13
DEVA11,Títulos e Val. Mob.,96.28,0.0789,0.1626,0.97,1338850000,3610800,0.0,0.0,0.0,0.0,0.0,1.0
DPRO11,Híbrido,100.98,0.0253,0.0132,1.03,23881800,12753,1.0,2814.47,0.385,0.0137,0.0,1.35
DRIT11B,Lajes Corporativas,89.0,0.0716,0.0751,0.71,41231700,1730,6.0,8238.03,7.865,0.0955,0.0626999999999999,0.67
DVFF11,Híbrido,77.38,0.0592,0.1026,0.85,85191500,159456,0.0,0.0,0.0,0.0,0.0,0.75
EDFO11B,Lajes Corporativas,206.9,0.0843999999999999,0.088,1.07,48828400,5787,1.0,137326.0,132.91129999999998,0.0968,0.0,1.68
EDGA11,Lajes Corporativas,20.489999999999988,0.0718,0.0723,0.31,78109000,51606,1.0,3103.47,4.1764,0.1346,0.4959,0.09
EGAF11,Títulos e Val. Mob.,103.10999999999999,0.0684999999999999,0.0856,1.07,31099000,133761,0.0,0.0,0.0,0.0,0.0,5.29
EQIR11,Títulos e Val. Mob.,94.5,0.093,0.1026,0.95,47486200,22273,0.0,0.0,0.0,0.0,0.0,1.1
ERPA11,Lajes Corporativas,132.0,0.0001,0.0184,1.14,66121700,83522,1.0,19524.7,3.4418,0.0176,0.0,0.7
EURO11,Logística,230.97,0.0894,0.0877,0.74,88677700,49734,7.0,750.81,0.7394,0.0984999999999999,0.0,1.75
EVBI11,Híbrido,99.0,0.0812,0.0889,0.99,138379000,98105,7.0,7112.53,5.2175,0.0733999999999999,0.0,0.75
EXES11,Títulos e Val. Mob.,103.05,0.03,0.0178,1.02,22200600,6623,0.0,0.0,0.0,0.0,0.0,0.9
FAED11,Outros,152.8,0.102,0.1057,0.71,98123300,90084,3.0,2581.19,2.8288,0.1096,0.0,1.54
FAMB11B,Lajes Corporativas,800.0,-0.1438,0.0,0.26,83840000,14431,1.0,1427.31,0.0,0.0,1.0,9.16
FATN11,Híbrido,100.08999999999999,0.0751,0.0939,0.99,100090000,73278,22.0,25542.4,19.5133,0.0764,0.0052,0.86
FCFL11,Outros,125.42,0.0764,0.0708,1.2,435710000,217552,1.0,14042.7,11.6122,0.0827,0.0,0.87
FEXC11,Títulos e Val. Mob.,88.49,0.1211999999999999,0.132,0.96,540100000,987740,0.0,0.0,0.0,0.0,0.0,0.9
FGAA11,Híbrido,9.959999999999999,0.0134,0.0898,1.04,339612000,1793970,0.0,0.0,0.0,0.0,0.0,0.14
FIGS11,Shoppings,54.28999999999999,0.079,0.0783,0.55,154726000,197008,2.0,2411.87,2.0428,0.0847,0.1545,0.37
FIIB11,Híbrido,487.8,0.0839,0.0819,1.07,334143000,266738,11.0,597.93,0.5658,0.0946,0.0124,3.55
FIIP11B,Híbrido,160.0,0.1014,0.0971,0.86,148346000,95299,7.0,2088.88,2.4164,0.1157,0.0,1.35
FLCR11,Títulos e Val. Mob.,97.1,0.1689,0.1730999999999999,0.97,61522900,176286,0.0,0.0,0.0,0.0,0.0,1.0
FLMA11,Híbrido,130.05,0.065,0.0677,0.83,179556000,66592,1.0,10269.5,7.6278,0.0742999999999999,0.0,0.89
FLRP11,Shoppings,1579.99,0.0666,0.066,0.92,103066000,14248,1.0,2377.32,1.8293,0.0769,0.0272,10.0
FMOF11,Lajes Corporativas,62.01,0.0001,0.0023,0.51,31501600,1625,2.0,1868.5,1.5275999999999998,0.0818,0.3784,0.14
FPAB11,Lajes Corporativas,209.0,0.0832,0.0834999999999999,0.51,156750000,7810,2.0,3420.82,4.1532,0.1214,0.2675,1.6
FPNG11,Lajes Corporativas,62.75999999999999,0.1171,0.106,0.37,64162300,86,6.0,7163.82,10.2574,0.1432,0.2354,0.71
FTCE11B,Híbrido,2789.92,-0.0495,0.0675,1.0,2611020000,8877,69.0,2076.47,0.4506,0.0217,0.0591,37.63
FVPQ11,Shoppings,118.78999999999999,0.0648,0.0687,0.6,332630000,166125,1.0,5775.9,7.9251,0.1372,0.074,0.52
GALG11,Híbrido,9.68,1.0469,0.1103,0.1,55645800,689541,6.0,515.53,4.4849,0.87,0.0,0.08
GAME11,Outros,9.47,0.0373,0.0833,0.98,195082000,244491,0.0,0.0,0.0,0.0,0.0,0.1
GCFF11,Títulos e Val. Mob.,71.86,0.1142,0.1673,0.85,24331700,41417,0.0,0.0,0.0,0.0,0.0,0.76
GCRA11,Títulos e Val. Mob.,101.47999999999999,0.0412,0.1038,1.03,160626000,197715,0.0,0.0,0.0,0.0,0.0,1.2
GCRI11,Títulos e Val. Mob.,94.95,0.123,0.157,0.98,110844000,119918,0.0,0.0,0.0,0.0,0.0,1.25
GGRC11,Logística,118.99,0.0852,0.0862,0.92,923175000,1403250,19.0,1127.12,0.9264,0.0822,0.0,0.9
GTLG11,Logística,98.0,0.0567999999999999,0.0783,1.05,702954000,200325,5.0,4033.87,1.8365,0.0455,0.0381,0.7
GTWR11,Lajes Corporativas,82.8,0.1047,0.1036999999999999,0.85,993600000,788451,3.0,11059.6,12.3957,0.1121,0.0,0.74
HAAA11,Lajes Corporativas,89.05,0.0742999999999999,0.0735,0.99,307668000,951,2.0,20972.3,16.0273,0.0764,0.1693,0.54
HABT11,Títulos e Val. Mob.,95.02000000000001,0.0735,0.1638,0.95,772207000,1851290,0.0,0.0,0.0,0.0,0.0,1.03
HBCR11,Outros,111.00000000000001,0.2142,0.0891,1.29,30192000,39012,4.0,2535.89,3.9998,0.1577,0.0,0.72
HBRH11,Híbrido,95.99,0.0951999999999999,0.0944999999999999,0.85,266104000,290693,5.0,8834.74,8.328899999999999,0.0943,0.0283,0.66
HCHG11,Outros,84.78,0.0576999999999999,0.115,0.81,101736000,49187,0.0,0.0,0.0,0.0,0.0,1.0
HCRI11,Hospital,246.5,0.1099,0.0987,0.82,49300000,57188,1.0,8938.83,12.367,0.1384,0.0,4.98
HCTR11,Títulos e Val. Mob.,100.0,0.0868,0.1789,0.82,2208420000,8140860,0.0,0.0,0.0,0.0,0.0,1.1
HFOF11,Títulos e Val. Mob.,76.7,0.1097,0.0935999999999999,0.93,1764100000,1184230,0.0,0.0,0.0,0.0,0.0,0.62
HGAG11,Outros,103.49999999999999,-0.0085,0.0031,1.02,25694100,31765,0.0,0.0,0.0,0.0,0.0,0.32
HGBS11,Shoppings,209.80000000000004,0.0633,0.0653,0.97,2098000000,2039610,12.0,4002.03,2.6337,0.0658,0.0516,1.3
HGCR11,Títulos e Val. Mob.,104.3,0.0949,0.1226,1.03,1529760000,3742770,0.0,0.0,0.0,0.0,0.0,1.2
HGFF11,Títulos e Val. Mob.,79.15,0.0942,0.0892,0.91,226654000,584405,0.0,0.0,0.0,0.0,0.0,0.65
HGIC11,Títulos e Val. Mob.,107.49,0.0765,0.1158,0.91,30999500,316560,0.0,0.0,0.0,0.0,0.0,1.05
HGLG11,Logística,174.0,0.0666,0.091,1.19,4081460000,6472080,20.0,2856.45,2.0724,0.0726,0.0705,1.1
HGPO11,Lajes Corporativas,262.40000000000003,0.0611,0.0623,0.98,460002000,462960,2.0,36169.4,23.6636,0.0654,0.0404,1.6
HGRE11,Lajes Corporativas,140.5,0.0508,0.0761,0.87,1660400000,2335280,19.0,8260.2,5.3664,0.065,0.2475,0.78
HGRU11,Híbrido,127.89999999999999,0.0715,0.0756,1.08,2354190000,4119940,84.0,4486.99,3.5392,0.0789,0.0,0.82
HLOG11,Logística,96.31,0.0834999999999999,0.0796,0.87,409318000,80163,4.0,9376.21,7.887899999999999,0.0841,0.0605,0.65
HOSI11,Híbrido,64.66,0.0679,0.0856,0.7,37079300,15691,0.0,0.0,0.0,0.0,0.0,0.44
HPDP11,Shoppings,80.95,0.0645,0.0645,0.85,235468000,5695,1.0,1833.78,1.3073,0.0713,0.0207,0.45
HRDF11,Híbrido,1.0999999999999999,-0.015,0.0,0.96,8345840,1288,0.0,0.0,0.0,0.0,0.0,5.4
HREC11,Títulos e Val. Mob.,94.5,0.0977,0.1242,1.04,440057000,13890,0.0,0.0,0.0,0.0,0.0,0.8
HSAF11,Títulos e Val. Mob.,84.68,0.0989,0.1525,0.9,150190000,396288,0.0,0.0,0.0,0.0,0.0,1.0
HSLG11,Logística,96.72,0.0688,0.0771,0.92,1224480000,629099,4.0,2852.69,2.3866,0.0837,0.0049,0.69
HSML11,Shoppings,91.43,0.0762999999999999,0.0762,0.92,1442820000,3002860,6.0,8870.76,5.2309,0.059,0.0513,0.67
HSRE11,Híbrido,101.0,0.0679,0.0705,1.05,860324000,810876,27.0,8400.96,6.689400000000001,0.0796,0.0,0.63
HTMX11,Hotel,115.97999999999999,0.0069,0.0074,0.88,145789000,295184,24.0,59.39,0.0126,0.0212,0.0,0.86
HUCG11,Hospital,102.89999999999999,0.0149,0.0312,1.01,115454000,2323,2.0,1098.62,0.0,0.0,0.0,0.82
HUSC11,Outros,110.5,0.0818,0.0805,0.77,87804700,8001,1.0,1188.26,1.3078,0.1101,0.0,0.96
HUSI11,Hospital,1071.0,0.0001,0.0137,1.08,124624000,22815,1.0,6121.99,0.0791999999999999,0.0013,0.0,7.95
IBCR11,Títulos e Val. Mob.,91.14999999999999,0.1216,0.1755999999999999,0.96,87360300,253305,0.0,0.0,0.0,0.0,0.0,1.25
IBFF11,Títulos e Val. Mob.,66.4,0.0828,0.0819999999999999,0.93,44267600,93339,0.0,0.0,0.0,0.0,0.0,0.48
IDFI11,Híbrido,69.74,0.0045,0.6812,0.96,143520000,17576,111.0,0.0,0.0,0.0,0.0,0.91
IDGR11,Híbrido,81.79,0.0684999999999999,0.2584,0.94,72249900,272594,1.0,0.0,0.0,0.0,0.0,6.95
IRDM11,Títulos e Val. Mob.,101.95,0.1022,0.1442999999999999,1.07,3368890000,6886880,0.0,0.0,0.0,0.0,0.0,1.27
IRIM11,Híbrido,103.81,0.0960999999999999,0.1626,1.05,199315000,192961,0.0,0.0,0.0,0.0,0.0,1.16
ITIP11,Títulos e Val. Mob.,82.38,0.1705999999999999,0.0953999999999999,0.96,61632700,109670,0.0,0.0,0.0,0.0,0.0,0.94
ITIT11,Títulos e Val. Mob.,76.75,0.1045,0.0571,0.99,69112900,102649,0.0,0.0,0.0,0.0,0.0,0.54
JASC11,Outros,100.0,-0.0028,0.0081999999999999,0.86,182029000,36416,2.0,1633.47,0.0,0.0,0.0,0.83
JBFO11,Títulos e Val. Mob.,86.69,0.0764,0.0774,1.02,110883000,81,0.0,0.0,0.0,0.0,0.0,0.6
JFLL11,Residencial,73.2,0.1571,0.1009999999999999,0.73,109844000,130124,2.0,7412.41,12.5091,0.1687999999999999,0.3904999999999999,0.62
JGPX11,Híbrido,98.49,0.0435,0.0584999999999999,1.03,83529100,117319,0.0,0.0,0.0,0.0,0.0,1.2
JPPA11,Híbrido,106.49,0.1014,0.1681,1.06,64316100,558582,0.0,0.0,0.0,0.0,0.0,1.65
JPPC11,Híbrido,199.99,0.3503,0.0914,0.54,10999400,5,0.0,0.0,0.0,0.0,0.0,0.17
JRDM11,Shoppings,86.4,0.0629,0.0678,0.99,217984000,166037,1.0,7364.6,6.4266,0.0873,0.0319,0.62
JSAF11,Títulos e Val. Mob.,88.9,0.0521,0.0516999999999999,0.93,139844000,331651,0.0,0.0,0.0,0.0,0.0,0.93
JSRE11,Híbrido,85.95,0.0677,0.0707,0.76,1784950000,3242480,6.0,15072.6,11.8471,0.0786,0.1492,0.49
KCRE11,Títulos e Val. Mob.,93.0,0.0072,0.0408,0.95,334800000,317278,0.0,0.0,0.0,0.0,0.0,1.0
KEVE11,Residencial,1019.9999999999999,0.0115,0.0733,1.06,150655000,23066,0.0,0.0,0.0,0.0,0.0,12.93
KFOF11,Títulos e Val. Mob.,87.5,0.0882,0.0868999999999999,0.95,396665000,868056,0.0,0.0,0.0,0.0,0.0,0.7
KINP11,Residencial,15.0,-0.0087,0.3522999999999999,2.5,107219000,68423,1.0,0.0,0.0,0.0,0.0,0.21
KISU11,Títulos e Val. Mob.,8.34,0.1018,0.098,0.95,368595000,950040,0.0,0.0,0.0,0.0,0.0,0.07
KIVO11,Títulos e Val. Mob.,99.95,0.0681,0.0695,1.0,35792100,12417,0.0,0.0,0.0,0.0,0.0,1.25
KNCA11,Títulos e Val. Mob.,106.71,0.0452,0.0603,1.06,864342000,1313330,0.0,0.0,0.0,0.0,0.0,1.46
KNCR11,Títulos e Val. Mob.,101.39,0.0666,0.1052,1.0,4447090000,10103200,0.0,0.0,0.0,0.0,0.0,1.3
KNHY11,Títulos e Val. Mob.,96.92,0.0687,0.1581,1.0,1792130000,2463520,0.0,0.0,0.0,0.0,0.0,0.76
KNIP11,Títulos e Val. Mob.,93.0,0.0613,0.1686,0.98,7466000000,10580200,0.0,0.0,0.0,0.0,0.0,0.58
KNRE11,Residencial,0.95,0.045,0.4806,0.83,17619800,5114,1.0,0.0,0.0,0.0,0.0,0.0
KNRI11,Híbrido,154.75,0.064,0.064,0.97,3738310000,3841550,20.0,4650.45,3.0443,0.0655,0.0014,0.91
KNSC11,Títulos e Val. Mob.,85.65,0.0557,0.1743,0.97,1137070000,4275010,0.0,0.0,0.0,0.0,0.0,0.7
LASC11,Shoppings,92.0,0.0683,0.0787,0.82,231674000,42724,2.0,3392.01,1.681,0.0496,0.0268,0.91
LATR11B,Residencial,15.950000000000001,-0.1206,0.7994,1.45,1979460,7,0.0,0.0,0.0,0.0,0.0,14.5
LFTT11,Residencial,89.64,0.0013,0.098,1.7,654779000,61970,426.0,14389.6,0.0204999999999999,0.0001,0.0,3.67
LGCP11,Logística,84.96,0.125,0.0832,0.83,232184000,561946,5.0,2856.63,3.6903,0.1292,0.0,0.62
LSAG11,Títulos e Val. Mob.,105.0,0.0282,0.0588999999999999,1.04,59171400,132266,0.0,0.0,0.0,0.0,0.0,1.23
LUGG11,Residencial,79.57,0.1272,0.0816,0.62,71613000,54456,4.0,3234.8,5.369400000000001,0.166,0.0054,0.52
LVBI11,Logística,111.74,0.0758,0.0762999999999999,0.97,1315760000,1909890,9.0,3313.34,2.7101,0.0818,0.0052,0.75
MALL11,Shoppings,108.3,0.1268999999999999,0.0765,1.01,818786000,1485400,8.0,4175.03,4.5101,0.108,0.0419,0.77
MANA11,Títulos e Val. Mob.,10.2,0.004,0.0116,1.05,120054000,168326,0.0,0.0,0.0,0.0,0.0,0.12
MATV11,Títulos e Val. Mob.,95.89999999999999,0.0655999999999999,0.1235999999999999,1.01,40850300,9295,0.0,0.0,0.0,0.0,0.0,1.1
MAXR11,Híbrido,86.7,0.0849,0.0888,0.72,97594300,132346,10.0,1320.94,1.2957,0.0981,0.0,0.7
MBRF11,Outros,665.0,0.1664999999999999,0.1681,0.59,67606600,126698,2.0,3743.38,6.8686,0.1835,0.0,10.0
MCCI11,Títulos e Val. Mob.,97.21,0.1195,0.1261999999999999,1.03,1418700000,3273120,0.0,0.0,0.0,0.0,0.0,1.1
MCHF11,Títulos e Val. Mob.,9.3,0.0876,0.1423,0.97,300461000,1199630,0.0,0.0,0.0,0.0,0.0,0.11
MCHY11,Títulos e Val. Mob.,111.00000000000001,0.1449,0.1297,1.08,398465000,115414,0.0,0.0,0.0,0.0,0.0,1.4
MFAI11,Híbrido,66.36,0.0971,0.1289,0.91,20523000,35414,0.0,0.0,0.0,0.0,0.0,0.67
MFII11,Híbrido,96.95,0.1198,0.1422,0.96,402042000,348307,4.0,112.09,0.0,0.0,0.0,1.1
MGCR11,Títulos e Val. Mob.,89.42,0.1094999999999999,0.1332,0.99,127182000,247895,0.0,0.0,0.0,0.0,0.0,1.35
MGFF11,Títulos e Val. Mob.,66.5,0.0825,0.0984,0.91,601866000,1105530,0.0,0.0,0.0,0.0,0.0,0.55
MGHT11,Híbrido,69.49,0.095,0.1335,0.81,91294800,99000,1.0,8218.94,8.0131,0.0975,0.0,0.8
MGLG11,Logística,42.36999999999999,0.0929,0.1351,1.08,80001900,133163,2.0,0.0,2.0287,0.0,0.0,0.16
MORC11,Títulos e Val. Mob.,95.55,0.0821,0.1266,0.97,123445000,292029,0.0,0.0,0.0,0.0,0.0,1.3
MORE11,Títulos e Val. Mob.,76.06,0.0972,0.1085,0.9,176392000,630620,0.0,0.0,0.0,0.0,0.0,0.65
MXRF11,Híbrido,10.299999999999999,0.09,0.1124,1.02,2328210000,6953650,3.0,9219.97,0.0,0.0,0.0,0.11
NAVT11,Títulos e Val. Mob.,79.0,0.0978999999999999,0.1085999999999999,0.89,83306100,136808,0.0,0.0,0.0,0.0,0.0,0.85
NCHB11,Títulos e Val. Mob.,93.35,0.1344,0.09,1.01,149533000,554590,0.0,0.0,0.0,0.0,0.0,1.35
NCRA11,Títulos e Val. Mob.,95.07,0.0326,0.065,1.01,38193700,180463,0.0,0.0,0.0,0.0,0.0,1.31
NEWL11,Híbrido,101.97,0.2009,0.1072,0.79,207315000,199390,3.0,2646.75,4.2010000000000005,0.1586999999999999,0.0,0.9
NEWU11,Híbrido,35.50999999999999,-0.0579999999999999,0.0,0.55,26348400,12370,3.0,1956.81,2.1958,0.1122,0.632,0.11
NSLU11,Hospital,176.46,0.0562,0.0707,0.91,228213000,349901,1.0,9516.03,10.5442,0.1108,0.0,0.85
NVHO11,Hospital,10.15,0.1388,0.0857,0.8,421170000,4819,4.0,13752.5,19.6429,0.1427999999999999,0.0,0.08
OIAG11,Híbrido,9.609999999999989,0.0127,0.0352,0.99,40034200,39285,0.0,0.0,0.0,0.0,0.0,0.11
ONEF11,Lajes Corporativas,171.96,0.0581,0.0596999999999999,0.98,156656000,353403,1.0,25617.8,16.651400000000002,0.065,0.0,0.92
OUFF11,Títulos e Val. Mob.,65.94,0.1482,0.1231,0.86,119637000,290068,0.0,0.0,0.0,0.0,0.0,0.75
OUJP11,Híbrido,95.65,0.1416,0.1462,0.95,311091000,655923,0.0,0.0,0.0,0.0,0.0,1.25
OULG11,Logística,45.67,0.1163,0.0691,0.63,113320000,112578,2.0,1185.72,1.9045,0.1606,0.0,0.17
OURE11,Híbrido,83.0,0.16,0.1415,0.9,89398200,142330,6.0,2307.83,2.7364,0.1186,0.0,1.15
PATC11,Lajes Corporativas,73.5,0.0496,0.0571,0.85,255591000,296690,7.0,15914.9,10.1435,0.0637,0.2188,0.34
PATL11,Logística,83.99,0.0801,0.0885,0.86,419239000,1114780,4.0,2691.8,2.4978,0.0928,0.0,0.58
PEMA11,Títulos e Val. Mob.,60.99,0.196,0.2688,0.79,33666500,7442,0.0,0.0,0.0,0.0,0.0,0.92
PLCA11,Títulos e Val. Mob.,99.38,0.0,0.009,1.03,55356500,25165,0.0,0.0,0.0,0.0,0.0,0.9
PLCR11,Híbrido,86.75,0.1848,0.1462,0.94,182970000,381089,0.0,0.0,0.0,0.0,0.0,1.19
PLOG11,Logística,77.6,0.1754,0.1149,0.77,58200000,153176,1.0,789.92,1.5844,0.2006,0.0,0.75
PLRI11,Títulos e Val. Mob.,27.310000000000002,-0.0316,0.5067,0.78,26062000,5251,0.0,0.0,0.0,0.0,0.0,0.29
PORD11,Títulos e Val. Mob.,96.6,0.1357,0.1512,0.98,360161000,879750,0.0,0.0,0.0,0.0,0.0,1.15
PQAG11,Logística,55.99000000000001,0.0838,0.0843999999999999,0.98,783406000,5176,1.0,12433.1,10.4164,0.0838,0.0,0.42
PQDP11,Shoppings,2300.0,0.076,0.076,0.69,564680000,187969,1.0,79306.8,80.92739999999999,0.102,0.0,17.87
PRSN11B,Residencial,0.8500000000000001,-0.0928,0.085,0.7,10986200,376,2.0,18363.7,0.0,0.0,0.0,0.15
PRSV11,Lajes Corporativas,113.01,0.0647,0.0,0.46,22037000,5313,1.0,1970.52,3.5621,0.1808,0.409,14.1
PURB11,Híbrido,95.1,0.0808,0.0250999999999999,0.92,98603700,16072,2.0,19798.9,18.3123,0.0925,0.0,1.4
PVBI11,Lajes Corporativas,97.3,0.0683,0.0629,0.98,976843000,3458220,4.0,10952.6,7.565,0.0691,0.0,0.56
QAGR11,Outros,46.50999999999999,0.1003,0.0998,0.83,234410000,343710,12.0,2762.23,3.1254000000000004,0.1131,0.0,0.41
QAMI11,Híbrido,86.8,0.2656,0.1735,0.94,69561300,46355,0.0,0.0,0.0,0.0,0.0,1.0
QIRI11,Títulos e Val. Mob.,78.04,0.0953,0.0983,0.92,11706000,2665,0.0,0.0,0.0,0.0,0.0,0.66
RBCO11,Lajes Corporativas,41.38,0.1311,0.1043,0.48,156375000,210102,4.0,3552.87,6.1484000000000005,0.1730999999999999,0.0,0.25
RBDS11,Residencial,3.71,-0.8598,0.0,0.17,469400,534,0.0,0.0,0.0,0.0,0.0,2.35
RBED11,Outros,133.6,0.1032,0.1,0.95,270089000,167498,7.0,3100.33,3.3187,0.107,0.0,1.23
RBFF11,Títulos e Val. Mob.,56.45,0.1031,0.1016,0.89,211643000,1340910,0.0,0.0,0.0,0.0,0.0,0.5
RBHG11,Títulos e Val. Mob.,87.91,0.1083,0.1583,0.92,151872000,339542,0.0,0.0,0.0,0.0,0.0,1.23
RBHY11,Títulos e Val. Mob.,96.7,0.0998,0.1730999999999999,1.0,183102000,182872,0.0,0.0,0.0,0.0,0.0,1.38
RBIR11,Residencial,69.3,-0.023,0.0034999999999999,0.72,105933000,49123,0.0,0.0,0.0,0.0,0.0,0.24
RBLG11,Logística,97.49,0.1085999999999999,0.0978999999999999,0.95,62413000,780,1.0,338.14,0.254,0.0751,0.0,0.88
RBRD11,Híbrido,40.0,0.0751,0.1,0.58,74071400,55792,4.0,2636.22,2.6248,0.0996,0.2796,0.3
RBRF11,Títulos e Val. Mob.,74.05,0.0904,0.0978999999999999,0.9,1013060000,2588870,0.0,0.0,0.0,0.0,0.0,0.6
RBRI11,Híbrido,950.0,0.0795,0.0,0.76,110086000,179759,0.0,0.0,0.0,0.0,0.0,17.86
RBRL11,Logística,95.19,0.0673,0.0862,0.88,636539000,501486,6.0,1905.25,1.6284999999999998,0.0855,0.0,0.65
RBRP11,Outros,59.3,0.0886999999999999,0.0914,0.72,722226000,1591540,10.0,10199.0,10.2509,0.1005,0.0,0.45
RBRR11,Títulos e Val. Mob.,95.73,0.103,0.1332,1.0,1286510000,4276740,0.0,0.0,0.0,0.0,0.0,1.0
RBRS11,Híbrido,65.0,0.0697,0.0806,0.72,105265000,25698,3.0,9752.11,6.6168,0.0679,0.0254,0.4
RBRX11,Títulos e Val. Mob.,95.0,0.0389,0.0,1.0,178665000,91002,0.0,0.0,0.0,0.0,0.0,0.29
RBRY11,Títulos e Val. Mob.,103.46,0.1089,0.1376,1.02,405537000,1219310,0.0,0.0,0.0,0.0,0.0,1.2
RBVA11,Outros,98.8,0.094,0.1142,0.96,1144910000,733780,81.0,7925.25,10.1498,0.1281,0.0,1.02
RBVO11,10.71,4.9799999999999995,0.1989,0.0062,5524480.0,6780,0,0.0,0.0,0.0,0.0,0.1071,0.04
RCFF11,Títulos e Val. Mob.,92.01,0.0283999999999999,0.0276,0.99,29737600,1633,0.0,0.0,0.0,0.0,0.0,1.75
RCRB11,Lajes Corporativas,140.39999999999998,0.0431,0.0608,0.72,518174000,787073,9.0,12679.6,8.2109,0.0648,0.1469,0.72
RDPD11,Títulos e Val. Mob.,50.11,0.2473,0.1671,0.9,54020700,25271,0.0,0.0,0.0,0.0,0.0,0.61
RECR11,Títulos e Val. Mob.,93.78999999999999,0.139,0.1535,0.98,2479960000,5024790,0.0,0.0,0.0,0.0,0.0,0.8
RECT11,Híbrido,62.91,0.0857,0.0975999999999999,0.67,537471000,736946,9.0,6880.32,6.0566,0.088,0.1105,0.5
RECX11,Títulos e Val. Mob.,78.49,0.1205,0.1289,0.94,17135400,12025,0.0,0.0,0.0,0.0,0.0,0.8
REIT11,Títulos e Val. Mob.,479.86,-0.0052,0.6618,1.0,12616000,128,0.0,0.0,0.0,0.0,0.0,2.06
RELG11,Híbrido,86.0,0.1056,0.1135999999999999,0.72,114772000,216122,5.0,1629.53,1.6043,0.0984999999999999,0.0268,0.8
RFOF11,Títulos e Val. Mob.,75.02,0.0958,0.104,0.92,80883900,160416,0.0,0.0,0.0,0.0,0.0,0.7
RMAI11,Híbrido,42.47999999999999,-0.0274,0.0847,0.39,103813000,24327,2.0,2376.39,1.2254,0.0516,0.3825,0.26
RNDP11,Títulos e Val. Mob.,299.95,-0.0183,0.2609,0.78,32238900,11302,0.0,0.0,0.0,0.0,0.0,2.39
RNGO11,Lajes Corporativas,53.349999999999994,0.0844999999999999,0.0839,0.61,142765000,113439,4.0,2601.46,2.7205,0.1046,0.1595,0.43
ROOF11,Outros,830.0000000000001,-0.0774,0.0584,0.97,64320800,8056,113.0,80.15,0.0027,0.0033,0.0,47.31
RPRI11,Títulos e Val. Mob.,98.29,0.0149,0.0126,0.98,220342000,80211,0.0,0.0,0.0,0.0,0.0,1.25
RRCI11,Títulos e Val. Mob.,85.2,0.1226,0.1583999999999999,0.88,41045700,106461,0.0,0.0,0.0,0.0,0.0,1.2
RURA11,Títulos e Val. Mob.,10.33,0.032,0.0451,1.04,619795000,603051,0.0,0.0,0.0,0.0,0.0,0.12
RVBI11,Títulos e Val. Mob.,80.28,0.1088,0.111,0.93,115603000,258764,0.0,0.0,0.0,0.0,0.0,0.75
RZAG11,Títulos e Val. Mob.,10.38,0.0991,0.0619,1.09,314972000,1300710,0.0,0.0,0.0,0.0,0.0,0.14
RZAK11,Títulos e Val. Mob.,100.0,0.093,0.1483,1.06,340315000,1454050,0.0,0.0,0.0,0.0,0.0,1.5
RZTR11,Híbrido,103.64999999999999,0.1166,0.1372,1.05,1145130000,3017900,15.0,2.16,0.0032,0.1483,0.0,1.25
SADI11,Títulos e Val. Mob.,89.78,0.0953,0.1108,0.89,285519000,527676,0.0,0.0,0.0,0.0,0.0,1.08
SAIC11B,Lajes Corporativas,37.97999999999999,-0.0187,0.0,0.69,54301500,79,1.0,4705.38,0.0,0.0,1.0,0.66
SARE11,Híbrido,76.9,0.1006,0.0977,0.78,710120000,1363130,3.0,2798.48,2.2345,0.0798,0.0,0.65
SCPF11,Shoppings,6.08,0.0454,0.0401,0.49,25536000,5586,1.0,5232.56,7.875800000000001,0.1505,0.2707,0.01
SDIL11,Logística,97.26,0.0901,0.0925,0.98,621983000,1012030,5.0,1719.94,2.052,0.1193,0.0196,0.76
SEED11,Híbrido,100.1,0.0715,0.0596999999999999,0.97,164164000,53214,0.0,0.0,0.0,0.0,0.0,1.24
SEQR11,Outros,66.3,0.11,0.1149,0.69,106647000,249504,4.0,2439.3,3.3673,0.138,0.0,0.67
SHPH11,Shoppings,819.4499999999999,0.0521999999999999,0.0544,0.92,499004000,103909,1.0,14525.2,9.4047,0.0647,0.1047,4.25
SNCI11,Títulos e Val. Mob.,100.44,0.0506,0.1332,1.03,371357000,1778290,0.0,0.0,0.0,0.0,0.0,1.25
SNFF11,Títulos e Val. Mob.,88.94,0.0722,0.0948,0.99,222350000,516443,0.0,0.0,0.0,0.0,0.0,0.65
SOLR11,Híbrido,1128.06,0.1119999999999999,0.0857,1.12,70935800,48,1.0,8757.13,11.4151,0.1304,0.0,7.95
SPTW11,Lajes Corporativas,43.5,0.1864,0.1574,0.82,78213000,170140,1.0,5478.37,11.488599999999998,0.2097,0.0,0.4
SRVD11,Títulos e Val. Mob.,7.22,0.078,0.0405,9.69,695185000,124,0.0,0.0,0.0,0.0,0.0,0.2
TEPP11,Lajes Corporativas,83.15,0.0703,0.0699,0.92,351057000,793532,5.0,10887.7,8.1437,0.0748,0.0834999999999999,0.49
TGAR11,Híbrido,129.75,0.0507,0.1319,1.06,1467420000,3692780,5.0,81.29,0.0109,0.0134,0.0,1.59
TORD11,Híbrido,8.1,0.0607,0.145,0.57,283916000,813788,0.0,0.0,0.0,0.0,0.0,0.08
TRNT11,Lajes Corporativas,112.00000000000001,0.0437,0.0416,0.55,440783000,13820,1.0,6983.56,5.5689,0.0797,0.5036999999999999,0.28
TRXB11,Híbrido,118.0,0.0766,0.0944999999999999,1.02,322200000,1344620,12.0,3390.23,4.3036,0.1268999999999999,0.0,0.95
TRXF11,Híbrido,110.75,0.0794,0.0894,1.07,802362000,3020630,27.0,2691.59,2.6518,0.0984999999999999,0.0,0.85
TSER11,Lajes Corporativas,105.0,0.104,0.1015,1.13,126525000,321649,1.0,2833.34,1.6456,0.0581,0.0,0.86
URPR11,Outros,102.95,0.0432,0.1926999999999999,1.03,1014910000,4564340,0.0,0.0,0.0,0.0,0.0,1.62
VCJR11,Títulos e Val. Mob.,89.65,0.1011,0.1661,0.96,1320000000,1743420,0.0,0.0,0.0,0.0,0.0,0.7
VCRA11,Títulos e Val. Mob.,107.30999999999999,0.0302999999999999,0.0255,1.06,210768000,173812,0.0,0.0,0.0,0.0,0.0,1.5
VCRI11,Títulos e Val. Mob.,8.94,0.0687,0.0628,0.92,158893000,541006,0.0,0.0,0.0,0.0,0.0,0.12
VCRR11,Residencial,81.2,0.1059,0.0981,0.68,162400000,90893,4.0,2583.28,2.1623,0.0837,0.0,0.67
VGHF11,Híbrido,9.86,0.0513,0.1685,1.07,718688000,3101500,0.0,0.0,0.0,0.0,0.0,0.12
VGIA11,Títulos e Val. Mob.,10.01,0.0438999999999999,0.0921,1.05,353427000,2664600,0.0,0.0,0.0,0.0,0.0,0.17
VGIP11,Títulos e Val. Mob.,90.82000000000001,0.0902999999999999,0.176,0.99,1070520000,3061860,0.0,0.0,0.0,0.0,0.0,1.0
VGIR11,Títulos e Val. Mob.,9.83,0.6207,0.1286999999999999,0.1,74420600,3119630,0.0,0.0,0.0,0.0,0.0,0.13
VIFI11,Títulos e Val. Mob.,7.59,0.2944,0.0983,0.87,61397000,203352,0.0,0.0,0.0,0.0,0.0,0.06
VILG11,Logística,109.39000000000001,0.0673,0.0751,0.96,1640570000,2306700,16.0,2790.88,2.2862,0.0819,0.0,0.72
VINO11,Lajes Corporativas,49.7,0.0898,0.0987,0.92,823293000,1577170,10.0,13015.9,9.3099,0.0715,0.0039,0.34
VISC11,Shoppings,110.00000000000001,0.0713,0.0739,0.96,1946590000,2540020,19.0,3299.2,2.5191,0.0764,0.074,0.72
VIUR11,Outros,8.25999999999999,0.1144999999999999,0.1015,0.87,222576000,367724,6.0,3158.86,2.8855,0.0913,0.0,0.07
VLOL11,Lajes Corporativas,106.49,0.0607,0.0608,1.03,190066000,383120,1.0,18118.1,12.3907,0.0684,0.0,0.59
VOTS11,Títulos e Val. Mob.,89.28,0.1669,0.1323,0.94,73916100,6544,0.0,0.0,0.0,0.0,0.0,1.01
VRTA11,Títulos e Val. Mob.,94.85,0.128,0.1481,1.01,1247520000,2395510,0.0,0.0,0.0,0.0,0.0,1.1
VSEC11,Títulos e Val. Mob.,50.01,0.0152,0.0906,0.51,3137380,884,0.0,0.0,0.0,0.0,0.0,0.19
VSHO11,Shoppings,79.67,0.0929,0.0984,0.81,167211000,56126,3.0,2197.99,3.6235,0.1649,0.0784,0.59
VSLH11,Outros,9.08,0.0935,0.1586999999999999,0.87,271166000,877111,0.0,0.0,0.0,0.0,0.0,0.12
VTLT11,Logística,95.26,0.1024,0.1003,0.93,201475000,275298,1.0,787.31,0.9133,0.1159999999999999,0.0,0.83
VVPR11,Híbrido,99.99,0.0913,0.0909,1.02,230554000,76002,6.0,5249.11,5.267,0.1003,0.0,0.73
VXXV11,Outros,917.0,-0.0027,0.0,1.13,242271000,477282,0.0,0.0,0.0,0.0,0.0,10.76
WHGR11,Outros,9.48,0.0138,0.0344,0.95,237849000,631647,0.0,0.0,0.0,0.0,0.0,0.11
WPLZ11,Shoppings,82.9,0.0403,0.0471,0.81,84619900,14403,1.0,2250.65,1.0418,0.0463,0.1162,0.5
WTSP11B,Híbrido,38.95,0.1233,0.057,0.47,38660400,128,1.0,2932.15,4.0371,0.1377,0.0644,0.32
XPCA11,Títulos e Val. Mob.,10.0,0.0538,0.0668,1.05,176870000,1084020,0.0,0.0,0.0,0.0,0.0,0.14
XPCI11,Títulos e Val. Mob.,91.0,0.0636,0.1374,0.94,791841000,2605260,0.0,0.0,0.0,0.0,0.0,0.96
XPCM11,Lajes Corporativas,19.5,0.1113,0.1,0.37,47084100,150427,1.0,2068.86,0.0,0.0,1.0,0.12
XPHT11,Hotel,112.11,0.0039,0.0186,1.19,426538000,262342,11.0,20932.8,1.7213999999999998,0.0081999999999999,0.5874,0.65
XPIN11,Outros,82.5,0.0782,0.0895,0.75,589910000,562907,100.0,2165.36,1.8221,0.0841,0.0,0.61
XPLG11,Logística,109.64,0.068,0.0723,0.96,2971360000,4283760,16.0,2220.31,1.7619999999999998,0.0794,0.0819,0.72
XPML11,Shoppings,104.86999999999999,0.0742999999999999,0.0746,1.06,1959140000,3768680,10.0,5712.71,3.9274,0.0687,0.0419,0.73
XPPR11,Outros,45.96,0.1268999999999999,0.1176,0.6,336251000,884228,6.0,7254.63,5.7221,0.0789,0.3472999999999999,0.3
XPSF11,Títulos e Val. Mob.,7.64,0.0867,0.1076999999999999,0.9,330828000,705708,0.0,0.0,0.0,0.0,0.0,0.08
XTED11,Lajes Corporativas,7.1,-0.0389,0.0,0.51,13954500,12547,1.0,1868.47,0.0,0.0,0.0,11.16
YUFI11,Residencial,100.0,0.0595,0.0174,0.95,39515000,33,31.0,7656.98,7.1217,0.093,0.0,0.63
ZIFI11,Híbrido,1140.0,-0.0165,0.0070999999999999,0.95,28203600,7763,0.0,0.0,0.0,0.0,0.0,3.3
