<DATE>	<TIME>	<OPEN>	<HIGH>	<LOW>	<CLOSE>	<TICKVOL>	<VOL>	<SPREAD>
2022.11.16	10:00:00	113166	113166	113160	113160	12	28320	0
2022.11.16	10:01:00	113162	113162	113157	113157	90	374808	0
2022.11.16	10:02:00	113157	113161	113157	113161	942	5377795	0
2022.11.16	10:03:00	113167	113167	113164	113164	1284	8265066	0
2022.11.16	10:04:00	113174	113383	113174	113383	19938	457647100	0
2022.11.16	10:05:00	113359	113418	113359	113418	10890	188032920	0
2022.11.16	10:06:00	113473	113473	113463	113463	11856	202216300	0
2022.11.16	10:07:00	113438	113451	113438	113451	13482	189114210	0
2022.11.16	10:08:00	113420	113444	113420	113444	9552	116973140	0
2022.11.16	10:09:00	113414	113414	113350	113350	68399	1525622680	0
2022.11.16	10:10:00	113264	113264	113134	113134	63934	1027818100	0
2022.11.16	10:11:00	113092	113092	112975	112975	43223	606079700	0
2022.11.16	10:12:00	112799	112890	112799	112890	37181	428361600	0
2022.11.16	10:13:00	112929	112940	112929	112940	36869	505995800	0
2022.11.16	10:14:00	112922	112922	112899	112899	37139	487779400	0
2022.11.16	10:15:00	112918	112918	112867	112867	30150	399350400	0
2022.11.16	10:16:00	112826	112826	112789	112789	27161	368657800	0
2022.11.16	10:17:00	112663	112675	112663	112675	33964	493790800	0
2022.11.16	10:18:00	112789	112789	112704	112704	32604	356053100	0
2022.11.16	10:19:00	112688	112688	112550	112550	30533	347033700	0
2022.11.16	10:20:00	112571	112642	112571	112642	36478	395360900	0
2022.11.16	10:21:00	112669	112854	112669	112854	37755	432615400	0
2022.11.16	10:22:00	112761	112941	112761	112941	33228	342479300	0
2022.11.16	10:23:00	112908	112908	112886	112886	24468	244997830	0
2022.11.16	10:24:00	112997	112997	112986	112986	28079	380184800	0
2022.11.16	10:25:00	112930	112934	112930	112934	28086	405819500	0
2022.11.16	10:26:00	112901	112917	112901	112917	27510	410434000	0
2022.11.16	10:27:00	112911	112917	112911	112917	27852	328837400	0
2022.11.16	10:28:00	112809	112809	112770	112770	27720	354276960	0
2022.11.16	10:29:00	112702	112718	112702	112718	32614	311278400	0
2022.11.16	10:30:00	112851	112851	112653	112653	46734	537243800	0
2022.11.16	10:31:00	112735	112735	112689	112689	19908	261589700	0
2022.11.16	10:32:00	112698	112916	112698	112916	32100	358145060	0
2022.11.16	10:33:00	112928	112928	112895	112895	28662	279777900	0
2022.11.16	10:34:00	112744	112744	112691	112691	27758	267734700	0
2022.11.16	10:35:00	112521	112544	112521	112544	34142	350336900	0
2022.11.16	10:36:00	112504	112605	112504	112605	29676	258814900	0
2022.11.16	10:37:00	112558	112558	112534	112534	27438	210036880	0
2022.11.16	10:38:00	112543	112678	112543	112678	40510	419869900	0
2022.11.16	10:39:00	112788	112788	112785	112785	36177	295877100	0
2022.11.16	10:40:00	112870	112877	112870	112877	33892	274090700	0
2022.11.16	10:41:00	112835	112862	112835	112862	31427	258493400	0
2022.11.16	10:42:00	112785	112785	112736	112736	28523	244716700	0
2022.11.16	10:43:00	112656	112702	112656	112702	23946	205201280	0
2022.11.16	10:44:00	112697	112697	112676	112676	23784	190361840	0
2022.11.16	10:45:00	112647	112647	112610	112610	31362	256456500	0
2022.11.16	10:46:00	112638	112725	112638	112725	35925	289222900	0
2022.11.16	10:47:00	112654	112654	112633	112633	21660	199309040	0
2022.11.16	10:48:00	112578	112578	112539	112539	23687	187812310	0
2022.11.16	10:49:00	112314	112314	112302	112302	46578	446654300	0
2022.11.16	10:50:00	112222	112284	112222	112284	37492	373189000	0
2022.11.16	10:51:00	112207	112276	112207	112276	50945	446416200	0
2022.11.16	10:52:00	112140	112246	112140	112246	33636	351843500	0
2022.11.16	10:53:00	112273	112273	112220	112220	27623	245399600	0
2022.11.16	10:54:00	112133	112133	112073	112073	29640	276553000	0
2022.11.16	10:55:00	111900	111974	111900	111974	46242	482670700	0
2022.11.16	10:56:00	111911	111991	111911	111991	34061	357621500	0
2022.11.16	10:57:00	112115	112160	112115	112160	35255	379654800	0
2022.11.16	10:58:00	112105	112105	112102	112102	33960	312051200	0
2022.11.16	10:59:00	112007	112045	112007	112045	31494	319591700	0
2022.11.16	11:00:00	112011	112106	112011	112106	31937	301469500	0
2022.11.16	11:01:00	112112	112112	112105	112105	35202	350708800	0
2022.11.16	11:02:00	111994	111994	111927	111927	30935	277958300	0
2022.11.16	11:03:00	111954	111972	111954	111972	22950	184935060	0
2022.11.16	11:04:00	112101	112101	112073	112073	31594	276150100	0
2022.11.16	11:05:00	111967	111998	111967	111998	27178	251168300	0
2022.11.16	11:06:00	111978	111978	111967	111967	20549	190142700	0
2022.11.16	11:07:00	111772	111808	111772	111808	54192	564536500	0
2022.11.16	11:08:00	111641	111702	111641	111702	43104	602328000	0
2022.11.16	11:09:00	111650	111745	111650	111745	34361	321125700	0
2022.11.16	11:10:00	111763	111763	111758	111758	32332	282617100	0
2022.11.16	11:11:00	111665	111665	111619	111619	29748	270849100	0
2022.11.16	11:12:00	111667	111688	111667	111688	34871	300614400	0
2022.11.16	11:13:00	111709	111716	111709	111716	23045	213501790	0
2022.11.16	11:14:00	111773	111773	111760	111760	28583	323689330	0
2022.11.16	11:15:00	111794	111794	111759	111759	41094	372867300	0
2022.11.16	11:16:00	111694	111694	111622	111622	33767	395546900	0
2022.11.16	11:17:00	111605	111622	111605	111622	30833	218387840	0
2022.11.16	11:18:00	111564	111564	111544	111544	26592	193453650	0
2022.11.16	11:19:00	111561	111678	111561	111678	38674	653607900	0
2022.11.16	11:20:00	111716	111864	111716	111864	36503	290327860	0
2022.11.16	11:21:00	111902	111902	111811	111811	31919	270930900	0
2022.11.16	11:22:00	111813	111813	111799	111799	24384	189309120	0
2022.11.16	11:23:00	111790	111821	111790	111821	33617	257909500	0
2022.11.16	11:24:00	111783	111800	111783	111800	24275	180848360	0
2022.11.16	11:25:00	111842	111842	111778	111778	24288	206682950	0
2022.11.16	11:26:00	111654	111654	111649	111649	31948	244273990	0
2022.11.16	11:27:00	111701	111701	111662	111662	31180	265207700	0
2022.11.16	11:28:00	111632	111632	111581	111581	42209	343391200	0
2022.11.16	11:29:00	111641	111641	111488	111488	38499	322187700	0
2022.11.16	11:30:00	111565	111767	111565	111767	59135	652301700	0
2022.11.16	11:31:00	111850	111850	111827	111827	51550	520715200	0
2022.11.16	11:32:00	111877	111877	111828	111828	62435	591369500	0
2022.11.16	11:33:00	112011	112011	111991	111991	51237	430758400	0
2022.11.16	11:34:00	112021	112058	112021	112058	44562	351764200	0
2022.11.16	11:35:00	112144	112144	111997	111997	43637	383941400	0
2022.11.16	11:36:00	112020	112020	111850	111850	37241	331504500	0
2022.11.16	11:37:00	111746	111834	111746	111834	41490	364315400	0
2022.11.16	11:38:00	111855	111855	111821	111821	33676	367542600	0
2022.11.16	11:39:00	111737	111737	111707	111707	45899	387226900	0
2022.11.16	11:40:00	111695	111742	111695	111742	33047	296679900	0
2022.11.16	11:41:00	111746	111746	111695	111695	25752	213548380	0
2022.11.16	11:42:00	111695	111695	111639	111639	40959	348279200	0
2022.11.16	11:43:00	111579	111580	111579	111580	43162	574277900	0
2022.11.16	11:44:00	111677	111677	111662	111662	35298	293711700	0
2022.11.16	11:45:00	111636	111761	111636	111761	30705	269623600	0
2022.11.16	11:46:00	111839	111839	111835	111835	32052	259734300	0
2022.11.16	11:47:00	111842	111883	111842	111883	38264	331540600	0
2022.11.16	11:48:00	111764	111820	111764	111820	31463	234357200	0
2022.11.16	11:49:00	111795	111807	111795	111807	22182	150085520	0
2022.11.16	11:50:00	111706	111741	111706	111741	30915	214841200	0
2022.11.16	11:51:00	111667	111667	111572	111572	37269	405968600	0
2022.11.16	11:52:00	111393	111393	111284	111284	75990	733124400	0
2022.11.16	11:53:00	111396	111504	111396	111504	35081	343142100	0
2022.11.16	11:54:00	111409	111409	111341	111341	39060	344127000	0
2022.11.16	11:55:00	111437	111489	111437	111489	40073	423851900	0
2022.11.16	11:56:00	111590	111590	111479	111479	38039	333062300	0
2022.11.16	11:57:00	111407	111407	111406	111406	32562	291857800	0
2022.11.16	11:58:00	111555	111555	111531	111531	38735	439286500	0
2022.11.16	11:59:00	111527	111527	111524	111524	21743	146422540	0
2022.11.16	12:00:00	111462	111462	111454	111454	29598	289632400	0
2022.11.16	12:01:00	111544	111544	111530	111530	30408	249962570	0
2022.11.16	12:02:00	111511	111511	111286	111286	47766	392172320	0
2022.11.16	12:03:00	111361	111435	111361	111435	40734	304915300	0
2022.11.16	12:04:00	111494	111494	111441	111441	26261	206967730	0
2022.11.16	12:05:00	111430	111436	111430	111436	24509	166508710	0
2022.11.16	12:06:00	111401	111431	111401	111431	29442	228356410	0
2022.11.16	12:07:00	111367	111367	111262	111262	49894	437794600	0
2022.11.16	12:08:00	111232	111232	111163	111163	40248	332362000	0
2022.11.16	12:09:00	111096	111177	111096	111177	39125	369712800	0
2022.11.16	12:10:00	111162	111287	111162	111287	30330	274488500	0
2022.11.16	12:11:00	111253	111253	111207	111207	27570	222632200	0
2022.11.16	12:12:00	111247	111304	111247	111304	31956	255142700	0
2022.11.16	12:13:00	111264	111365	111264	111365	39750	371895000	0
2022.11.16	12:14:00	111266	111266	111198	111198	33059	266565400	0
2022.11.16	12:15:00	111142	111197	111142	111197	34482	301267400	0
2022.11.16	12:16:00	111180	111180	111124	111124	29712	222838120	0
2022.11.16	12:17:00	111234	111234	111228	111228	36096	260396380	0
2022.11.16	12:18:00	111185	111227	111185	111227	23760	149928950	0
2022.11.16	12:19:00	111160	111160	111068	111068	34151	337571200	0
2022.11.16	12:20:00	111015	111140	111015	111140	40842	347615000	0
2022.11.16	12:21:00	111102	111138	111102	111138	28134	211464980	0
2022.11.16	12:22:00	111153	111153	111135	111135	23628	323535500	0
2022.11.16	12:23:00	111048	111115	111048	111115	28943	279315400	0
2022.11.16	12:24:00	111122	111140	111122	111140	26148	216944800	0
2022.11.16	12:25:00	111141	111187	111141	111187	26454	196832640	0
2022.11.16	12:26:00	111210	111210	111153	111153	27407	274412860	0
2022.11.16	12:27:00	111143	111143	111076	111076	27071	246577500	0
2022.11.16	12:28:00	111094	111154	111094	111154	32286	894932100	0
2022.11.16	12:29:00	111142	111142	111126	111126	30216	214953900	0
2022.11.16	12:30:00	111179	111197	111179	111197	26291	169511050	0
2022.11.16	12:31:00	111206	111206	111193	111193	23080	127600300	0
2022.11.16	12:32:00	111216	111244	111216	111244	35602	278429700	0
2022.11.16	12:33:00	111283	111283	111246	111246	26886	188683730	0
2022.11.16	12:34:00	111190	111190	111119	111119	32376	236361400	0
2022.11.16	12:35:00	111069	111070	111069	111070	31817	228658800	0
2022.11.16	12:36:00	110971	111004	110971	111004	47238	401912000	0
2022.11.16	12:37:00	111008	111075	111008	111075	30191	227795880	0
2022.11.16	12:38:00	111078	111165	111078	111165	30005	238059100	0
2022.11.16	12:39:00	111129	111129	111063	111063	26098	168397170	0
2022.11.16	12:40:00	111074	111081	111074	111081	21480	126267030	0
2022.11.16	12:41:00	110982	110982	110904	110904	42720	320759200	0
2022.11.16	12:42:00	110861	110861	110792	110792	62201	504808600	0
2022.11.16	12:43:00	110732	110762	110732	110762	38253	334082300	0
2022.11.16	12:44:00	110877	110891	110877	110891	39943	305820900	0
2022.11.16	12:45:00	110838	110838	110805	110805	32493	222928300	0
2022.11.16	12:46:00	110896	110896	110849	110849	35334	239575300	0
2022.11.16	12:47:00	110804	110809	110804	110809	38892	358760500	0
2022.11.16	12:48:00	110826	110826	110819	110819	32818	271275530	0
2022.11.16	12:49:00	110812	110812	110764	110764	36827	285295900	0
2022.11.16	12:50:00	110817	110817	110788	110788	33941	323266800	0
2022.11.16	12:51:00	110834	110834	110773	110773	33711	236062500	0
2022.11.16	12:52:00	110779	110790	110779	110790	23561	154209960	0
2022.11.16	12:53:00	110783	110783	110749	110749	24503	203853600	0
2022.11.16	12:54:00	110751	110751	110640	110640	45060	342362220	0
2022.11.16	12:55:00	110587	110672	110587	110672	41663	344547300	0
2022.11.16	12:56:00	110686	110686	110620	110620	27635	256485810	0
2022.11.16	12:57:00	110636	110767	110636	110767	38380	308414000	0
2022.11.16	12:58:00	110790	110790	110767	110767	29176	188952700	0
2022.11.16	12:59:00	110740	110764	110740	110764	21846	140806530	0
2022.11.16	13:00:00	110760	110817	110760	110817	29752	193469430	0
2022.11.16	13:01:00	110822	110822	110754	110754	27115	182355860	0
2022.11.16	13:02:00	110724	110724	110717	110717	30269	216620530	0
2022.11.16	13:03:00	110730	110730	110719	110719	25001	181239860	0
2022.11.16	13:04:00	110682	110707	110682	110707	31967	202902600	0
2022.11.16	13:05:00	110740	110777	110740	110777	28638	223886790	0
2022.11.16	13:06:00	110786	110786	110693	110693	34056	229115500	0
2022.11.16	13:07:00	110704	110747	110704	110747	22360	136082000	0
2022.11.16	13:08:00	110743	110746	110743	110746	19938	109763420	0
2022.11.16	13:09:00	110711	110711	110696	110696	32033	204335400	0
2022.11.16	13:10:00	110572	110572	110555	110555	51168	440768600	0
2022.11.16	13:11:00	110609	110674	110609	110674	29724	260362600	0
2022.11.16	13:12:00	110660	110660	110602	110602	31193	191393280	0
2022.11.16	13:13:00	110582	110595	110582	110595	29988	210830560	0
2022.11.16	13:14:00	110539	110606	110539	110606	40341	281786970	0
2022.11.16	13:15:00	110629	110629	110623	110623	29700	198603290	0
2022.11.16	13:16:00	110672	110672	110629	110629	31001	210361890	0
2022.11.16	13:17:00	110628	110636	110628	110636	23946	166903370	0
2022.11.16	13:18:00	110557	110557	110539	110539	39555	347401200	0
2022.11.16	13:19:00	110552	110660	110552	110660	32158	254784790	0
2022.11.16	13:20:00	110670	110680	110670	110680	23874	158597690	0
2022.11.16	13:21:00	110600	110600	110576	110576	31350	217839820	0
2022.11.16	13:22:00	110585	110624	110585	110624	28703	293778300	0
2022.11.16	13:23:00	110670	110670	110611	110611	30762	211539360	0
2022.11.16	13:24:00	110650	110671	110650	110671	32818	214033450	0
2022.11.16	13:25:00	110708	110708	110646	110646	32727	217908700	0
2022.11.16	13:26:00	110616	110683	110616	110683	29141	268275000	0
2022.11.16	13:27:00	110701	110732	110701	110732	28895	453546090	0
2022.11.16	13:28:00	110696	110707	110696	110707	33516	234386970	0
2022.11.16	13:29:00	110743	110743	110729	110729	29237	265035300	0
2022.11.16	13:30:00	110764	110764	110760	110760	29622	212253000	0
2022.11.16	13:31:00	110748	110748	110729	110729	31133	202060280	0
2022.11.16	13:32:00	110706	110706	110692	110692	31044	231142320	0
2022.11.16	13:33:00	110734	110734	110674	110674	33069	226923000	0
2022.11.16	13:34:00	110587	110587	110571	110571	45564	351460300	0
2022.11.16	13:35:00	110569	110569	110562	110562	22847	188392500	0
2022.11.16	13:36:00	110566	110574	110566	110574	27018	181526030	0
2022.11.16	13:37:00	110590	110658	110590	110658	27707	200107950	0
2022.11.16	13:38:00	110678	110678	110605	110605	30768	226160910	0
2022.11.16	13:39:00	110603	110640	110603	110640	25126	171644570	0
2022.11.16	13:40:00	110702	110702	110673	110673	26340	222955000	0
2022.11.16	13:41:00	110701	110746	110701	110746	23430	164215440	0
2022.11.16	13:42:00	110752	110752	110717	110717	23002	119832690	0
2022.11.16	13:43:00	110725	110774	110725	110774	26445	165787630	0
2022.11.16	13:44:00	110784	110784	110759	110759	23315	142744710	0
2022.11.16	13:45:00	110821	110821	110814	110814	32262	212449470	0
2022.11.16	13:46:00	110883	110883	110844	110844	31794	249567500	0
2022.11.16	13:47:00	110833	110833	110785	110785	32658	251477200	0
2022.11.16	13:48:00	110785	110785	110741	110741	28774	201151620	0
2022.11.16	13:49:00	110792	110844	110792	110844	35951	290801000	0
2022.11.16	13:50:00	110800	110801	110800	110801	31798	218551700	0
2022.11.16	13:51:00	110794	110794	110724	110724	27113	252709800	0
2022.11.16	13:52:00	110705	110705	110651	110651	36545	314261700	0
2022.11.16	13:53:00	110635	110675	110635	110675	27292	182337740	0
2022.11.16	13:54:00	110674	110674	110670	110670	28362	339931300	0
2022.11.16	13:55:00	110642	110642	110623	110623	26892	205205310	0
2022.11.16	13:56:00	110656	110667	110656	110667	34499	292830700	0
2022.11.16	13:57:00	110709	110730	110709	110730	35052	273632800	0
2022.11.16	13:58:00	110707	110710	110707	110710	32106	246017200	0
2022.11.16	13:59:00	110693	110693	110674	110674	23825	170093750	0
2022.11.16	14:00:00	110674	110719	110674	110719	37225	340457500	0
2022.11.16	14:01:00	110773	110773	110735	110735	22164	169463220	0
2022.11.16	14:02:00	110710	110710	110708	110708	22943	140667680	0
2022.11.16	14:03:00	110661	110730	110661	110730	28763	195342800	0
2022.11.16	14:04:00	110684	110684	110634	110634	27365	211284060	0
2022.11.16	14:05:00	110633	110640	110633	110640	24786	277294220	0
2022.11.16	14:06:00	110650	110722	110650	110722	30659	233682400	0
2022.11.16	14:07:00	110691	110738	110691	110738	31257	505676960	0
2022.11.16	14:08:00	110754	110767	110754	110767	25989	187437400	0
2022.11.16	14:09:00	110764	110764	110758	110758	25704	171188870	0
2022.11.16	14:10:00	110728	110728	110661	110661	34198	283310440	0
2022.11.16	14:11:00	110700	110700	110681	110681	21648	193082720	0
2022.11.16	14:12:00	110589	110589	110521	110521	43620	347013400	0
2022.11.16	14:13:00	110561	110561	110458	110458	57941	493714200	0
2022.11.16	14:14:00	110462	110462	110443	110443	41891	321944300	0
2022.11.16	14:15:00	110442	110455	110442	110455	38374	270023100	0
2022.11.16	14:16:00	110377	110377	110374	110374	59830	514529800	0
2022.11.16	14:17:00	110438	110446	110438	110446	29568	236091300	0
2022.11.16	14:18:00	110491	110492	110491	110492	31109	324585400	0
2022.11.16	14:19:00	110518	110518	110495	110495	27653	229724620	0
2022.11.16	14:20:00	110519	110519	110478	110478	29045	244296300	0
2022.11.16	14:21:00	110441	110441	110396	110396	30918	288712000	0
2022.11.16	14:22:00	110397	110398	110397	110398	22806	166275220	0
2022.11.16	14:23:00	110516	110516	110471	110471	35052	331035260	0
2022.11.16	14:24:00	110466	110481	110466	110481	35970	311381600	0
2022.11.16	14:25:00	110541	110567	110541	110567	42107	426234100	0
2022.11.16	14:26:00	110509	110509	110489	110489	27359	240685400	0
2022.11.16	14:27:00	110457	110457	110447	110447	33012	444595400	0
2022.11.16	14:28:00	110511	110514	110511	110514	27342	207138500	0
2022.11.16	14:29:00	110493	110522	110493	110522	22770	160691080	0
2022.11.16	14:30:00	110524	110524	110503	110503	25763	205910980	0
2022.11.16	14:31:00	110560	110560	110541	110541	26010	216260620	0
2022.11.16	14:32:00	110641	110695	110641	110695	50313	433733800	0
2022.11.16	14:33:00	110703	110703	110694	110694	29394	216517440	0
2022.11.16	14:34:00	110666	110666	110661	110661	25649	356996100	0
2022.11.16	14:35:00	110674	110714	110674	110714	27047	210988410	0
2022.11.16	14:36:00	110741	110741	110720	110720	29661	396261700	0
2022.11.16	14:37:00	110745	110786	110745	110786	26598	228841300	0
2022.11.16	14:38:00	110840	110840	110720	110720	33580	425564300	0
2022.11.16	14:39:00	110774	110774	110721	110721	30654	368150100	0
2022.11.16	14:40:00	110720	110720	110697	110697	33671	395656000	0
2022.11.16	14:41:00	110731	110731	110729	110729	29802	221704980	0
2022.11.16	14:42:00	110693	110703	110693	110703	36208	296588800	0
2022.11.16	14:43:00	110651	110652	110651	110652	30125	330502400	0
2022.11.16	14:44:00	110676	110703	110676	110703	38416	320955700	0
2022.11.16	14:45:00	110716	110732	110716	110732	28866	262670260	0
2022.11.16	14:46:00	110756	110766	110756	110766	28601	522787400	0
2022.11.16	14:47:00	110772	110772	110710	110710	34992	342327900	0
2022.11.16	14:48:00	110759	110759	110751	110751	24227	212461160	0
2022.11.16	14:49:00	110753	110753	110706	110706	28356	244039610	0
2022.11.16	14:50:00	110673	110673	110672	110672	32664	457194700	0
2022.11.16	14:51:00	110674	110720	110674	110720	45851	507190000	0
2022.11.16	14:52:00	110667	110667	110641	110641	29278	288186800	0
2022.11.16	14:53:00	110632	110658	110632	110658	26610	195835950	0
2022.11.16	14:54:00	110689	110692	110689	110692	31643	331212900	0
2022.11.16	14:55:00	110711	110714	110711	110714	36509	278809710	0
2022.11.16	14:56:00	110717	110717	110705	110705	41766	303218700	0
2022.11.16	14:57:00	110711	110711	110665	110665	44860	333744100	0
2022.11.16	14:58:00	110652	110652	110650	110650	37767	248231300	0
2022.11.16	14:59:00	110649	110655	110649	110655	39928	348902880	0
2022.11.16	15:00:00	110640	110640	110547	110547	48803	340675480	0
2022.11.16	15:01:00	110523	110523	110488	110488	46553	315778900	0
2022.11.16	15:02:00	110531	110531	110223	110223	109215	1076840200	0
2022.11.16	15:03:00	110270	110317	110270	110317	50219	499669400	0
2022.11.16	15:04:00	110336	110364	110336	110364	36876	287692200	0
2022.11.16	15:05:00	110323	110325	110323	110325	34818	260253900	0
2022.11.16	15:06:00	110321	110321	110310	110310	45622	461179400	0
2022.11.16	15:07:00	110313	110313	110299	110299	40678	463090600	0
2022.11.16	15:08:00	110288	110288	110234	110234	38855	317935900	0
2022.11.16	15:09:00	110109	110142	110109	110142	55619	439925400	0
2022.11.16	15:10:00	110204	110283	110204	110283	39797	301842200	0
2022.11.16	15:11:00	110277	110277	110249	110249	37926	318217660	0
2022.11.16	15:12:00	110231	110231	110205	110205	44182	249379800	0
2022.11.16	15:13:00	110199	110199	110176	110176	26862	295310540	0
2022.11.16	15:14:00	110090	110134	110090	110134	43529	368702900	0
2022.11.16	15:15:00	110156	110156	110067	110067	45911	363811600	0
2022.11.16	15:16:00	110048	110104	110048	110104	46416	617999100	0
2022.11.16	15:17:00	110049	110049	109996	109996	48351	348198100	0
2022.11.16	15:18:00	109977	109977	109953	109953	43740	332526100	0
2022.11.16	15:19:00	109963	109963	109934	109934	52786	380826200	0
2022.11.16	15:20:00	109927	109964	109927	109964	44342	344159600	0
2022.11.16	15:21:00	109954	109954	109953	109953	49536	455370000	0
2022.11.16	15:22:00	109935	109935	109868	109868	54855	391454000	0
2022.11.16	15:23:00	109903	109948	109903	109948	41081	303402900	0
2022.11.16	15:24:00	109970	109970	109944	109944	48255	321105820	0
2022.11.16	15:25:00	109953	109953	109908	109908	43420	323456900	0
2022.11.16	15:26:00	109870	109877	109870	109877	44154	332326800	0
2022.11.16	15:27:00	109885	109900	109885	109900	41554	692793400	0
2022.11.16	15:28:00	109898	109898	109878	109878	33972	221271880	0
2022.11.16	15:29:00	109889	109889	109877	109877	36207	250361900	0
2022.11.16	15:30:00	109935	110019	109935	110019	45331	367328420	0
2022.11.16	15:31:00	109946	109946	109936	109936	43230	400041200	0
2022.11.16	15:32:00	109889	109889	109848	109848	41491	337996400	0
2022.11.16	15:33:00	109699	109699	109691	109691	76457	811680600	0
2022.11.16	15:34:00	109715	109766	109715	109766	48119	490838800	0
2022.11.16	15:35:00	109753	109802	109753	109802	53307	410142300	0
2022.11.16	15:36:00	109792	109792	109737	109737	41255	303532500	0
2022.11.16	15:37:00	109764	109764	109746	109746	35265	287188400	0
2022.11.16	15:38:00	109795	109839	109795	109839	44412	297708500	0
2022.11.16	15:39:00	109878	109945	109878	109945	46169	337183300	0
2022.11.16	15:40:00	109930	109930	109898	109898	41637	309588300	0
2022.11.16	15:41:00	109863	109941	109863	109941	42346	281524800	0
2022.11.16	15:42:00	109965	109966	109965	109966	37984	364650240	0
2022.11.16	15:43:00	109873	109873	109697	109697	77577	702565300	0
2022.11.16	15:44:00	109704	109729	109704	109729	41891	280262300	0
2022.11.16	15:45:00	109689	109837	109689	109837	57210	539844800	0
2022.11.16	15:46:00	109739	109739	109658	109658	61912	463027200	0
2022.11.16	15:47:00	109661	109725	109661	109725	52490	390809700	0
2022.11.16	15:48:00	109782	109805	109782	109805	42258	363295900	0
2022.11.16	15:49:00	109820	109891	109820	109891	39395	235560310	0
2022.11.16	15:50:00	109875	109875	109828	109828	46890	277100000	0
2022.11.16	15:51:00	109762	109799	109762	109799	43788	301190100	0
2022.11.16	15:52:00	109747	109753	109747	109753	44532	339618600	0
2022.11.16	15:53:00	109709	109709	109693	109693	58677	449163400	0
2022.11.16	15:54:00	109706	109720	109706	109720	44974	334459500	0
2022.11.16	15:55:00	109753	109764	109753	109764	37798	247824900	0
2022.11.16	15:56:00	109746	109746	109720	109720	48503	286393200	0
2022.11.16	15:57:00	109672	109737	109672	109737	52176	393170800	0
2022.11.16	15:58:00	109712	109712	109704	109704	40128	563499800	0
2022.11.16	15:59:00	109690	109690	109591	109591	69340	683560200	0
2022.11.16	16:00:00	109512	109564	109512	109564	84753	730768100	0
2022.11.16	16:01:00	109681	109701	109681	109701	52517	492572800	0
2022.11.16	16:02:00	109750	109766	109750	109766	48681	364087900	0
2022.11.16	16:03:00	109775	109775	109750	109750	39695	246914260	0
2022.11.16	16:04:00	109761	109785	109761	109785	38872	244526190	0
2022.11.16	16:05:00	109771	109799	109771	109799	39639	304861000	0
2022.11.16	16:06:00	109808	109808	109679	109679	51168	589383700	0
2022.11.16	16:07:00	109677	109771	109677	109771	45646	460672500	0
2022.11.16	16:08:00	109749	109758	109749	109758	39281	277408400	0
2022.11.16	16:09:00	109784	109806	109784	109806	43330	298370200	0
2022.11.16	16:10:00	109835	109835	109790	109790	55505	452363100	0
2022.11.16	16:11:00	109721	109735	109721	109735	53598	390533900	0
2022.11.16	16:12:00	109779	109779	109767	109767	52965	332094300	0
2022.11.16	16:13:00	109765	109765	109756	109756	40925	253048600	0
2022.11.16	16:14:00	109754	109754	109745	109745	59422	443382800	0
2022.11.16	16:15:00	109736	109736	109729	109729	46679	531969200	0
2022.11.16	16:16:00	109714	109714	109680	109680	51219	427452500	0
2022.11.16	16:17:00	109640	109640	109621	109621	47172	503729300	0
2022.11.16	16:18:00	109631	109692	109631	109692	49073	343865900	0
2022.11.16	16:19:00	109661	109721	109661	109721	42160	251267400	0
2022.11.16	16:20:00	109768	109768	109752	109752	40378	328599700	0
2022.11.16	16:21:00	109752	109859	109752	109859	54689	481496500	0
2022.11.16	16:22:00	109843	109843	109842	109842	41554	310188100	0
2022.11.16	16:23:00	109826	109826	109810	109810	37515	473788500	0
2022.11.16	16:24:00	109867	109906	109867	109906	45312	348493500	0
2022.11.16	16:25:00	110004	110004	109929	109929	60029	533883600	0
2022.11.16	16:26:00	109972	109972	109914	109914	40272	279285000	0
2022.11.16	16:27:00	109897	109921	109897	109921	42712	239756500	0
2022.11.16	16:28:00	109902	109936	109902	109936	43367	253652600	0
2022.11.16	16:29:00	109966	109966	109955	109955	42851	247354900	0
2022.11.16	16:30:00	109951	109951	109942	109942	46516	308269100	0
2022.11.16	16:31:00	109917	109917	109907	109907	47314	319470500	0
2022.11.16	16:32:00	109870	109870	109854	109854	45089	317652900	0
2022.11.16	16:33:00	109815	109873	109815	109873	49972	328159700	0
2022.11.16	16:34:00	109878	109878	109878	109878	38182	280443800	0
2022.11.16	16:35:00	109867	109884	109867	109884	48228	326085600	0
2022.11.16	16:36:00	109898	109944	109898	109944	43434	331437900	0
2022.11.16	16:37:00	110062	110150	110062	110150	56962	502286300	0
2022.11.16	16:38:00	110136	110136	110049	110049	53261	387682000	0
2022.11.16	16:39:00	110048	110084	110048	110084	36779	218425200	0
2022.11.16	16:40:00	110070	110073	110070	110073	42340	649648800	0
2022.11.16	16:41:00	110076	110109	110076	110109	46437	299135400	0
2022.11.16	16:42:00	110126	110126	110117	110117	42224	369720300	0
2022.11.16	16:43:00	110075	110141	110075	110141	48174	408045400	0
2022.11.16	16:44:00	110112	110128	110112	110128	40637	254699600	0
2022.11.16	16:45:00	110146	110162	110146	110162	45521	347959100	0
2022.11.16	16:46:00	110217	110217	110136	110136	55967	597752300	0
2022.11.16	16:47:00	110089	110102	110089	110102	41124	278111500	0
2022.11.16	16:48:00	110108	110127	110108	110127	35322	224339100	0
2022.11.16	16:49:00	110108	110108	110087	110087	39940	250250700	0
2022.11.16	16:50:00	110055	110055	109846	109846	67387	509010200	0
2022.11.16	16:51:00	109949	110009	109949	110009	48238	360183900	0
2022.11.16	16:52:00	110121	110182	110121	110182	48353	379260900	0
2022.11.16	16:53:00	110195	110195	110124	110124	44555	322964500	0
2022.11.16	16:54:00	110148	110148	110129	110129	34157	192361790	0
2022.11.16	16:55:00	110110	110141	110110	110141	39047	254087100	0
2022.11.16	16:56:00	110160	110160	110104	110104	44469	529319100	0
2022.11.16	16:57:00	110139	110139	110130	110130	38282	258069600	0
2022.11.16	16:58:00	110130	110156	110130	110156	46781	359579700	0
2022.11.16	16:59:00	110139	110151	110139	110151	39586	289067820	0
2022.11.16	17:00:00	110188	110212	110188	110212	45198	272178300	0
2022.11.16	17:01:00	110205	110227	110205	110227	46613	322807600	0
2022.11.16	17:02:00	110238	110238	110233	110233	38992	208642240	0
2022.11.16	17:03:00	110242	110242	110229	110229	61948	340563100	0
2022.11.16	17:04:00	110297	110297	110296	110296	41310	229622100	0
2022.11.16	17:05:00	110224	110312	110224	110312	52103	340492600	0
2022.11.16	17:06:00	110310	110310	110265	110265	51015	528144200	0
2022.11.16	17:07:00	110205	110233	110205	110233	50218	312425400	0
2022.11.16	17:08:00	110182	110182	110102	110102	52624	345569700	0
2022.11.16	17:09:00	110069	110069	110049	110049	50454	366776200	0
2022.11.16	17:10:00	110076	110076	110015	110015	47945	365176700	0
2022.11.16	17:11:00	110029	110048	110029	110048	43625	268692130	0
2022.11.16	17:12:00	110063	110063	109959	109959	50862	575514500	0
2022.11.16	17:13:00	109946	109946	109911	109911	60828	450783400	0
2022.11.16	17:14:00	109913	109913	109859	109859	54172	1249889500	0
2022.11.16	17:15:00	109897	109947	109897	109947	39821	490867900	0
2022.11.16	17:16:00	109950	109971	109950	109971	45120	325891500	0
2022.11.16	17:17:00	109866	109880	109866	109880	48526	301827300	0
2022.11.16	17:18:00	109878	109900	109878	109900	43907	309053800	0
2022.11.16	17:19:00	109911	109923	109911	109923	35819	237952500	0
2022.11.16	17:20:00	109871	109872	109871	109872	46660	302234200	0
2022.11.16	17:21:00	109860	109864	109860	109864	40371	322107400	0
2022.11.16	17:22:00	109878	109880	109878	109880	35088	262558000	0
2022.11.16	17:23:00	109899	109899	109871	109871	57750	505028700	0
2022.11.16	17:24:00	109822	109822	109754	109754	51092	492863500	0
2022.11.16	17:25:00	109789	109796	109789	109796	57539	1486572300	0
2022.11.16	17:26:00	109712	109778	109712	109778	53655	434766000	0
2022.11.16	17:27:00	109773	109773	109768	109768	44111	505264000	0
2022.11.16	17:28:00	109767	109792	109767	109792	41399	338112200	0
2022.11.16	17:29:00	109771	109772	109771	109772	45370	368935100	0
2022.11.16	17:30:00	109763	109838	109763	109838	44382	307321000	0
2022.11.16	17:31:00	109798	109806	109798	109806	42106	286376200	0
2022.11.16	17:32:00	109767	109773	109767	109773	35611	243888600	0
2022.11.16	17:33:00	109825	109870	109825	109870	47550	350991600	0
2022.11.16	17:34:00	109889	109889	109835	109835	47928	407203200	0
2022.11.16	17:35:00	109893	109893	109869	109869	44675	330645200	0
2022.11.16	17:36:00	109878	109878	109871	109871	51845	445151100	0
2022.11.16	17:37:00	109958	109958	109919	109919	53133	551029500	0
2022.11.16	17:38:00	109933	109944	109933	109944	37760	332035800	0
2022.11.16	17:39:00	109945	109980	109945	109980	43537	312094000	0
2022.11.16	17:40:00	110013	110073	110013	110073	57188	440308300	0
2022.11.16	17:41:00	110106	110148	110106	110148	57748	418320400	0
2022.11.16	17:42:00	110251	110251	110209	110209	70451	650608900	0
2022.11.16	17:43:00	110191	110208	110191	110208	41501	449763000	0
2022.11.16	17:44:00	110203	110219	110203	110219	47016	305414900	0
2022.11.16	17:45:00	110162	110162	110156	110156	61451	549008500	0
2022.11.16	17:46:00	110148	110171	110148	110171	55581	396192800	0
2022.11.16	17:47:00	110161	110167	110161	110167	84019	465858700	0
2022.11.16	17:48:00	110147	110187	110147	110187	66871	621864900	0
2022.11.16	17:49:00	110076	110101	110076	110101	118529	637021700	0
2022.11.16	17:50:00	110078	110080	110078	110080	97569	489082700	0
2022.11.16	17:51:00	110090	110102	110090	110102	56740	355395600	0
2022.11.16	17:52:00	110073	110083	110073	110083	65895	431187800	0
2022.11.16	17:53:00	110144	110147	110144	110147	65769	551737100	0
2022.11.16	17:54:00	110142	110142	110135	110135	49565	531890000	0
2022.11.16	17:55:00	110146	110252	110146	110243	109776	14125126402	0
